Bitia_hydroides:Bitia_hydroides_LSUHC_10516
Bothrops_moojeni:Bothrops_moojeni_SRS2115278,Bothrops_moojeni_SRS2115279
Bothrops_pauloensis:Bothrops_pauloensis_SRS2115295
Brachyorrhos_albus:Brachyorrhos_albus_FMNH134323
Cantoria_violacea:Cantoira_violacea_CAS_229742,Cantoria_violacea_CAS_222792
Cerberus_australis:Cerberus_australis_MAGNT_R29853,Cerberus_australis_SAMA_29608
Cerberus_dunsoni:Cerberus_dunsoni_CAS_236318,Cerberus_dunsoni_CAS_236736,Cerberus_dunsoni_CAS_237794,Cerberus_dunsoni_CAS_237986,Cerberus_dunsoni_USNM_507562
Cerberus_microlepis:Cerberus_microlepis_USNM_579917,Cerberus_microlepis_USNM_579918,Cerberus_microlepis_USNM_579919
Cerberus_rynchops:Cerberus_rynchops_CAS_219768,Cerberus_rynchops_CAS_222968,Cerberus_rynchops_CAS_229753,Cerberus_rynchops_CAS_229870
Cerberus_schneiderii:Cerberus_schneiderii_KU_302972,Cerberus_schneiderii_KU_302975,Cerberus_schneiderii_KU_302978,Cerberus_schneiderii_KU_302987,Cerberus_schneiderii_KU_302990,Cerberus_schneiderii_KU_302991,Cerberus_schneiderii_KU_305491,Cerberus_schneiderii_KU_320537,Cerberus_schneiderii_KU_326648,Cerberus_schneiderii_LSUHC_12024,Cerberus_schneiderii_MVZ_239380,Cerberus_schneiderii_NCSM_99000,Cerberus_schneiderii_NCSM_99001,Cerberus_schneiderii_USNM_573675,Cerberus_schneiderii_USNM_579238,Cerberus_schneiderii_USNM_581175,Cerberus_schneiderii_WAM_R_107003
Chironius_exoletus:Chironius_exoletus_SRS2115290
Enhydris_chanardi:Enhydris_chanardi_YPM_15033,Enhydris_chanardi_YPM_15037
Enhydris_enhydris:Enhydris_enhydris_FMNH_257424,Enhydris_enhydris_FMNH_259100,Enhydris_enhydris_FMNH_259307,Enhydris_enhydris_LSUHC_3813
Enhydris_innominata:Enhydris_innominata_FMNH_259249,Enhydris_innominata_FMNH_259250,Enhydris_innominata_ROM_37893
Enhydris_longicauda:Enhydris_longicauda_FMNH_259258,Enhydris_longicauda_FMNH_259259,Enhydris_longicauda_FMNH_259267
Enhydris_subtaeniata:Enhydris_subtaeniata_FMNH_259082,Enhydris_subtaeniata_FMNH_259086,Enhydris_subtaeniata_FMNH_259245,Enhydris_subtaeniata_FMNH_259246,Enhydris_subtaeniata_FMNH_262465,Enhydris_subtaeniata_FMNH_262472
Erpeton_tentaculatum:Erpeton_tentaculatum_FMNH_252504,Erpeton_tentaculatum_FMNH_259080,Erpeton_tentaculatum_FMNH_259228
Fordonia_leucobalia:Fordonia_leucobalia_BPBM_43431,Fordonia_leucobalia_CAS_211970,Fordonia_leucobalia_LSUMZ_96937,Fordonia_leucobalia_LSUMZ_96938,Fordonia_leucobalia_LSUMZ_96939,Fordonia_leucobalia_SAMA_55470
Gerarda_prevostiana:Gerarda_prevostiana_CAS_204972
Gyiophis_salweenensis:Gyiophis_salweenensis_LSUHC_12960
Homalopsis_mereljcoxi:Homalopsis_mereljcoxi_FMNH_257271,Homalopsis_mereljcoxi_FMNH_259088,Homalopsis_buccata_FMNH_259301,Homalopsis_buccata_FMNH_259340,Homalopsis_buccata_FMNH_263873
Homalopsis_buccata:Homalopsis_mereljcoxi_FMNH_257430,Homalopsis_buccata_LSUHC_10349,Homalopsis_buccata_LSUHC_10282
Homalopsis_nigroventralis:Homalopsis_nigroventralis_FMNH_265801,Homalopsis_nigroventralis_MVZ_258368,Homalopsis_nigroventralis_NCSM_76560
Homalopsis_semizonata:Homalopsis_semizonata_CAS_229763,Homalopsis_semizonata_CAS_242725
Hypsiscopus_matannensis:Hypsiscopus_matannensis_MVZ_239382,Hypsiscopus_matannensis_MVZ_239627,Hypsiscopus_matannensis_MVZ_239628
Hypsiscopus_plumbea:Hypsiscopus_plumbea_FMNH_250123,Hypsiscopus_plumbea_FMNH_259223,Hypsiscopus_plumbea_KU_328517,Hypsiscopus_plumbea_NCSM_98994,Hypsiscopus_plumbea_NCSM_98995,Hypsiscopus_plumbea_KU_311544,Hypsiscopus_plumbea_NCSM_76556,Hypsiscopus_plumbea_FMNH_250124,Hypsiscopus_plumbea_FMNH_265800,Hypsiscopus_plumbea_FMNH_259225,Hypsiscopus_plumbea_NCSM_79036
Micrurus_brasiliensis:Micrurus_brasiliensis_SRS2115293
Myanophis_thanlyinensis:Myanophis_thanlyinensis
Myron_richardsonii:Myron_richardsonii_LSUMZ_96944,Myron_richardsonii_LSUMZ_96945,Myron_richardsonii_QM_A003045,Myron_richardsonii_SAMA_55494
Myrrophis_chinensis:Myrrophis_chinensis_AMNH_106675,Myrrophis_bennettii_MVZ_224180,Myrrophis_bennettii_MVZ_224183,Myrrophis_bennettii_MVZ_224184,Myrrophis_chinensis_ROM_25620
Myrrophis_bennettii:Myrrophis_chinensis_LSUHC_4255
Philodryas_olfersii:Philodryas_olfersii_SRS2115301
Phytolopsis_punctata:Phytolopsis_punctata_FMNH_250111,Phytolopsis_punctata_FMNH_250112
Pseudoferania_polylepis:Pseudoferania_polylepis_BPBM_43422,Pseudoferania_polylepis_BPBM_43427,Pseudoferania_polylepis_QM_A003914
Raclitia_indica:Raclitia_indica_LSUHC_11748
Subsessor_bocourti:Subsessor_bocourti_FMNH_257251,Subsessor_bocourti_FMNH_263531
